distance_km,response_rate,recency_recent,recency_moderate,recency_inactive,label
33.7568,0.4652,False,True,False,0
48.0491,0.1955,False,True,False,0
18.8602,0.4279,False,False,True,0
21.5415,0.4016,False,True,False,1
40.7001,0.7203,True,False,False,1
25.5352,0.0645,False,False,True,0
36.9604,0.8258,False,True,False,1
23.2556,0.5821,False,True,False,1
11.167,0.4321,True,False,False,0
37.3876,0.7026,False,True,False,0
6.9922,0.7208,False,True,False,1
10.3299,0.4228,False,False,True,0
31.5278,0.7906,False,True,False,1
37.4899,0.4949,False,False,True,0
44.7871,0.4835,False,True,False,0
13.993,0.9073,True,False,False,1
5.9809,0.8619,False,True,False,1
47.8243,0.9075,True,False,False,0
8.1439,0.2647,False,False,True,0
10.2845,0.7229,False,True,False,1
14.9208,0.6742,False,True,False,1
26.7049,0.4537,False,True,False,0
44.1999,0.3681,False,False,True,0
38.147,0.2002,False,False,True,0
35.5538,0.5646,False,True,False,1
9.1714,0.6372,True,False,False,1
18.2053,0.5428,False,True,False,1
24.181,0.5114,True,False,False,0
7.7976,0.3813,True,False,False,0
14.0348,0.3459,False,True,False,1
15.7625,0.3784,False,True,False,1
6.8002,0.4286,False,False,True,1
27.7369,0.5631,False,True,False,1
35.3989,0.7759,False,True,False,1
3.9616,0.4274,False,True,False,1
24.3156,0.7875,True,False,False,1
39.2195,0.8742,True,False,False,1
37.5255,0.2968,False,True,False,0
40.8461,0.2009,True,False,False,0
22.6879,0.5725,False,True,False,1
41.1176,0.4223,False,True,False,0
12.4173,0.7349,False,False,True,1
18.3601,0.6926,False,True,False,0
9.2296,0.7287,False,True,False,1
23.6405,0.5899,False,False,True,0
19.907,0.6873,False,False,True,0
12.4259,0.2334,False,True,False,1
37.7131,0.524,False,True,False,1
16.0354,0.5352,False,True,False,1
14.0038,0.5308,True,False,False,1
6.9791,0.158,True,False,False,0
22.2217,0.3875,True,False,False,0
15.4967,0.5066,False,True,False,0
18.779,0.4618,False,True,False,0
12.1819,0.3631,False,True,False,1
38.2762,0.4213,False,True,False,0
46.5352,0.2913,False,True,False,0
25.1476,0.5847,False,True,False,1
32.3284,0.6885,True,False,False,1
43.425,0.6426,True,False,False,0
49.9421,0.1377,False,True,False,0
30.8691,0.8811,False,True,False,1
44.5441,0.8758,False,True,False,0
45.4761,0.7145,False,True,False,1
39.6768,0.6436,False,True,False,1
23.3161,0.7366,False,True,False,1
4.5171,0.2595,False,True,False,1
1.2824,0.7646,False,True,False,1
24.1214,0.7021,True,False,False,0
24.9686,0.7454,False,True,False,0
20.6644,0.4031,True,False,False,1
28.6243,0.6788,False,True,False,1
27.8321,0.2178,False,False,True,0
41.9123,0.803,True,False,False,1
5.8785,0.0891,True,False,False,1
11.6463,0.5783,False,True,False,1
39.7537,0.8578,False,True,False,1
42.4679,0.3049,False,True,False,1
49.7438,0.8546,False,True,False,1
43.7091,0.5758,False,True,False,1
44.55,0.6286,False,True,False,0
16.0602,0.8149,False,True,False,1
20.3823,0.1226,False,False,True,0
13.7702,0.611,True,False,False,0
30.5118,0.425,True,False,False,0
46.9709,0.7192,True,False,False,0
17.5597,0.132,False,True,False,0
28.0716,0.438,False,True,False,0
15.1668,0.5115,True,False,False,1
8.9051,0.2653,False,True,False,0
10.1617,0.514,True,False,False,1
3.3683,0.4894,False,True,False,1
47.49,0.5996,False,True,False,0
20.4425,0.7349,False,True,False,0
41.789,0.6177,False,True,False,0
34.2258,0.793,False,True,False,1
10.0001,0.7201,False,True,False,1
9.1854,0.6111,True,False,False,1
40.6934,0.5989,True,False,False,0
13.6032,0.6103,False,False,True,1
45.7076,0.3831,False,False,True,0
7.4327,0.111,False,True,False,1
34.0466,0.7064,False,True,False,1
40.8165,0.7568,False,False,True,0
12.1452,0.7666,False,True,False,0
14.1723,0.0126,False,True,False,0
48.2437,0.3225,False,True,False,0
13.5976,0.4785,False,True,False,1
21.7829,0.4777,True,False,False,1
21.9095,0.8159,False,False,True,0
13.0252,0.4122,False,True,False,0
38.9017,0.2864,True,False,False,0
38.7065,0.7982,False,True,False,1
19.2267,0.8554,False,True,False,1
41.8387,0.4739,True,False,False,0
11.0472,0.8033,False,False,True,1
0.7131,0.746,False,True,False,1
28.7728,0.1305,False,True,False,0
49.7068,0.3653,False,True,False,0
2.4129,0.7991,False,True,False,1
10.7959,0.7884,False,True,False,1
26.1863,0.5262,False,True,False,0
40.5921,0.346,True,False,False,0
4.9076,0.3015,False,True,False,0
20.0641,0.7601,True,False,False,1
37.4803,0.455,False,True,False,0
18.8914,0.7884,False,True,False,1
9.8474,0.7775,True,False,False,1
10.177,0.8011,True,False,False,1
20.7974,0.5823,False,True,False,0
24.2311,0.6224,True,False,False,0
43.1598,0.8254,False,False,True,0
32.2915,0.3848,False,True,False,1
34.6749,0.9386,False,True,False,1
49.1579,0.9016,False,True,False,1
20.8863,0.0432,True,False,False,0
20.466,0.2692,False,False,True,0
46.2057,0.5467,False,True,False,1
12.6708,0.8045,False,True,False,1
36.6259,0.2495,True,False,False,0
37.8514,0.7343,False,True,False,1
5.3405,0.3657,False,True,False,1
23.6775,0.5996,False,False,True,1
10.4278,0.5322,False,True,False,1
9.6761,0.3359,False,True,False,1
23.4595,0.6094,False,True,False,0
14.8268,0.4436,False,True,False,1
39.905,0.2713,False,True,False,0
45.4264,0.0783,False,True,False,0
40.2347,0.6535,True,False,False,0
13.6685,0.5346,False,False,True,0
14.0697,0.5967,False,False,True,0
13.1091,0.2344,True,False,False,1
7.1844,0.5393,False,True,False,0
47.218,0.5389,True,False,False,0
20.4014,0.3809,False,True,False,1
11.6221,0.8711,False,True,False,1
42.4102,0.623,False,True,False,0
20.2602,0.4848,False,True,False,0
2.2383,0.6069,False,True,False,1
8.5161,0.8383,True,False,False,1
32.1429,0.8109,False,False,True,0
39.2538,0.7738,True,False,False,1
10.9413,0.2184,True,False,False,1
45.9111,0.2477,False,True,False,0
42.6244,0.2098,False,True,False,0
42.4948,0.619,False,False,True,0
11.7692,0.7548,False,False,True,0
3.0015,0.4692,False,True,False,0
43.4375,0.399,False,False,True,0
15.6371,0.4393,False,True,False,1
31.1364,0.2377,False,True,False,0
38.1184,0.9064,False,True,False,1
6.8505,0.4329,False,False,True,0
39.1515,0.7932,True,False,False,1
46.9563,0.9173,True,False,False,1
36.5546,0.8568,False,True,False,0
22.3405,0.2749,False,False,True,0
43.8956,0.4907,False,False,True,0
26.6092,0.5901,False,True,False,0
37.3662,0.7908,False,False,True,0
41.115,0.5437,False,False,True,0
37.593,0.4098,False,True,False,0
14.7488,0.4566,False,True,False,1
6.3333,0.0374,False,True,False,0
12.2978,0.623,False,True,False,1
25.3923,0.7169,False,True,False,1
25.5112,0.4987,True,False,False,1
29.3409,0.7496,False,True,False,1
20.0575,0.4038,False,True,False,1
39.4511,0.7743,False,False,True,0
45.7011,0.5173,True,False,False,0
12.7129,0.3743,True,False,False,0
36.9579,0.3538,False,False,True,0
34.0596,0.7312,True,False,False,0
26.393,0.5574,True,False,False,0
9.8322,0.4881,False,True,False,1
39.864,0.6375,False,False,True,0
48.051,0.4462,True,False,False,1
36.2309,0.5537,False,True,False,1
45.9341,0.8255,False,True,False,1
49.2172,0.2677,False,False,True,0
17.9265,0.3027,False,True,False,1
32.0921,0.8276,True,False,False,1
23.9597,0.7512,True,False,False,1
49.3381,0.4261,True,False,False,0
5.1435,0.3827,True,False,False,1
20.9126,0.3536,False,True,False,0
43.8392,0.7611,True,False,False,1
14.5605,0.4133,False,True,False,1
39.4957,0.3514,False,True,False,0
19.4478,0.7874,False,True,False,0
49.0089,0.2082,True,False,False,0
44.2347,0.5151,False,False,True,0
15.4154,0.8324,False,True,False,1
38.6246,0.686,False,True,False,0
17.1744,0.9852,True,False,False,1
30.515,0.4832,True,False,False,0
33.0948,0.5229,False,False,True,0
41.565,0.4582,False,True,False,0
1.7103,0.6085,False,True,False,1
11.3978,0.5897,False,True,False,1
35.7399,0.6312,False,True,False,1
28.3944,0.358,False,False,True,0
25.0325,0.6521,False,True,False,1
3.2329,0.787,False,False,True,0
17.7397,0.5692,True,False,False,1
43.3225,0.3572,False,True,False,0
2.0292,0.8757,False,True,False,1
20.1236,0.7923,True,False,False,0
47.2848,0.7339,True,False,False,0
3.0186,0.2154,False,True,False,0
37.6104,0.5861,False,False,True,0
13.2518,0.7356,False,True,False,1
43.3971,0.3881,False,False,True,0
37.4304,0.3469,False,False,True,1
44.3424,0.7135,False,True,False,0
11.1883,0.6125,False,True,False,1
26.799,0.4492,True,False,False,1
39.0739,0.4661,True,False,False,1
12.6621,0.1678,False,False,True,1
11.9219,0.6844,False,True,False,1
1.8455,0.9498,True,False,False,1
47.9465,0.6284,False,True,False,1
35.6458,0.6665,False,True,False,1
31.9602,0.4869,False,False,True,0
37.3277,0.367,False,True,False,1
26.8148,0.4674,False,True,False,0
24.0686,0.4801,False,True,False,1
22.7518,0.796,False,True,False,1
32.2017,0.3539,False,True,False,0
10.476,0.7402,False,False,True,0
44.4589,0.3916,False,True,False,0
40.6817,0.7009,True,False,False,1
17.8034,0.2096,True,False,False,0
29.1412,0.67,False,True,False,0
7.4809,0.4493,False,False,True,1
48.6311,0.1664,True,False,False,0
45.1932,0.3344,True,False,False,0
46.1339,0.5978,False,True,False,0
16.9421,0.6433,True,False,False,1
8.8722,0.1475,False,False,True,0
10.9827,0.6463,False,True,False,1
4.9551,0.4562,True,False,False,1
6.4455,0.3486,False,False,True,0
4.0296,0.34,True,False,False,1
49.4962,0.6587,False,True,False,0
4.1659,0.4691,True,False,False,1
7.0608,0.3133,True,False,False,0
41.4491,0.4283,True,False,False,0
29.2219,0.4193,True,False,False,0
38.8337,0.4317,True,False,False,1
31.7301,0.1882,True,False,False,0
44.1677,0.1286,False,True,False,0
32.1041,0.3684,False,True,False,0
26.3452,0.7363,False,True,False,1
35.7811,0.5366,False,True,False,0
22.6459,0.6071,False,True,False,1
17.6302,0.475,False,False,True,1
23.6488,0.5882,False,False,True,1
8.9008,0.3609,True,False,False,1
39.9303,0.3749,True,False,False,1
13.4048,0.522,True,False,False,1
8.0998,0.943,True,False,False,1
12.6944,0.2702,False,True,False,0
42.1825,0.3638,False,True,False,0
16.845,0.4512,True,False,False,0
34.4595,0.9024,False,True,False,0
42.8923,0.5261,False,True,False,1
4.3484,0.5036,True,False,False,1
38.3687,0.4404,False,False,True,0
15.7294,0.0213,True,False,False,0
11.2228,0.7533,False,False,True,1
34.6006,0.2002,True,False,False,0
45.5349,0.5276,False,False,True,0
15.1035,0.2093,False,False,True,0
28.6573,0.7321,False,False,True,1
14.8468,0.6345,False,False,True,0
27.9371,0.1429,False,True,False,1
31.2822,0.342,False,True,False,0
30.7116,0.5724,False,True,False,0
31.3655,0.0423,True,False,False,0
7.1864,0.0652,False,True,False,0
34.8303,0.4744,False,True,False,1
33.9001,0.66,False,False,True,0
34.2881,0.5636,False,True,False,1
4.1665,0.7938,False,True,False,0
22.6185,0.5078,False,True,False,0
20.7472,0.4851,False,True,False,1
4.7922,0.7519,True,False,False,1
11.5072,0.2123,False,True,False,0
22.3277,0.6752,False,True,False,0
37.2739,0.6956,True,False,False,1
12.2346,0.5051,False,True,False,0
41.5726,0.1449,False,True,False,0
27.517,0.0319,False,True,False,0
38.1409,0.3243,False,True,False,1
23.8915,0.4039,False,True,False,0
25.2101,0.4953,False,True,False,0
31.1761,0.4454,False,False,True,1
46.4345,0.3212,False,False,True,0
24.8447,0.3162,False,True,False,0
26.6685,0.2187,False,True,False,0
30.2988,0.1677,False,True,False,0
37.007,0.5861,False,False,True,1
4.0566,0.7788,False,True,False,1
26.0265,0.2695,False,False,True,0
24.3388,0.7024,False,True,False,1
46.1234,0.3867,False,True,False,0
24.9286,0.8013,False,True,False,1
23.6819,0.7077,False,True,False,0
48.1289,0.5879,True,False,False,0
22.8035,0.1985,False,True,False,0
9.4538,0.2018,False,False,True,0
11.2373,0.4611,True,False,False,1
5.2118,0.2381,False,True,False,1
0.5281,0.7406,True,False,False,1
21.8813,0.4076,False,True,False,1
38.5775,0.6413,True,False,False,0
36.8066,0.6009,False,False,True,0
2.0914,0.8317,True,False,False,1
28.7142,0.3776,False,False,True,0
8.137,0.5142,False,False,True,1
47.0833,0.5829,False,True,False,0
8.7846,0.4104,False,True,False,1
31.5186,0.4861,False,True,False,0
16.6488,0.3904,False,False,True,0
32.2573,0.6007,False,True,False,1
20.9068,0.5594,False,True,False,1
38.1023,0.604,True,False,False,0
11.9186,0.9322,False,True,False,1
45.3367,0.638,True,False,False,0
25.2604,0.2733,False,True,False,0
37.9266,0.4742,False,True,False,0
42.5616,0.1941,False,True,False,1
49.942,0.3732,False,True,False,0
11.5853,0.9302,False,True,False,1
14.7012,0.6392,False,True,False,1
12.8964,0.4288,False,True,False,0
13.5121,0.9134,False,True,False,1
29.331,0.1753,False,False,True,0
49.6794,0.4827,True,False,False,0
49.5188,0.8435,True,False,False,1
26.5753,0.789,True,False,False,1
32.1318,0.2697,False,True,False,0
43.0685,0.3224,False,True,False,0
46.6802,0.4042,False,True,False,0
10.5911,0.4328,False,True,False,0
26.6628,0.6246,False,True,False,1
41.7254,0.2929,False,False,True,1
15.5085,0.3942,False,True,False,0
22.2705,0.4319,False,True,False,0
49.2882,0.6028,False,True,False,1
49.2598,0.4204,False,True,False,0
45.3523,0.4098,True,False,False,0
40.0232,0.8356,True,False,False,1
13.822,0.2096,False,False,True,0
16.3821,0.296,False,True,False,0
27.5905,0.5852,False,True,False,1
28.2585,0.2444,False,True,False,1
25.5224,0.436,False,True,False,0
32.0152,0.6558,False,False,True,0
20.712,0.6879,False,True,False,1
37.5841,0.5277,False,True,False,0
17.0107,0.5867,False,True,False,0
16.8685,0.3527,False,False,True,0
6.7977,0.4779,False,True,False,1
9.8413,0.6477,False,False,True,0
42.6008,0.6741,True,False,False,1
22.591,0.6653,False,False,True,0
11.7795,0.1345,False,True,False,1
38.0874,0.5681,True,False,False,0
27.9221,0.8948,False,True,False,1
1.5472,0.6697,False,True,False,1
16.1599,0.2286,True,False,False,0
9.2616,0.876,False,True,False,1
32.9657,0.6058,False,False,True,0
14.114,0.7978,False,True,False,1
3.7149,0.3261,False,True,False,1
3.2193,0.8744,False,True,False,1
29.2955,0.54,False,True,False,1
1.5753,0.5995,False,False,True,1
42.5152,0.3206,False,True,False,0
8.1922,0.4432,True,False,False,1
30.525,0.8091,False,False,True,1
22.5121,0.727,False,False,True,1
22.4212,0.5489,False,True,False,1
4.054,0.4943,False,False,True,1
40.2362,0.0061,True,False,False,0
44.7061,0.3594,False,False,True,0
1.0453,0.4017,False,True,False,1
9.3409,0.44,False,True,False,1
45.2433,0.4306,True,False,False,0
27.6999,0.3773,False,False,True,0
7.927,0.188,True,False,False,0
10.5381,0.8002,True,False,False,1
33.1693,0.4388,True,False,False,0
36.3784,0.2925,False,True,False,1
30.1716,0.4338,True,False,False,1
47.6808,0.3442,False,False,True,0
24.9561,0.1768,False,True,False,1
15.3635,0.1727,True,False,False,1
24.123,0.2274,True,False,False,0
18.3035,0.3698,True,False,False,1
11.6086,0.4567,False,True,False,1
2.7752,0.7083,False,False,True,1
17.9345,0.5602,True,False,False,0
35.7148,0.4335,False,False,True,0
1.4127,0.4076,True,False,False,1
22.2393,0.5271,False,False,True,0
32.3785,0.3132,False,False,True,0
30.715,0.4574,False,True,False,0
38.9441,0.7476,False,True,False,1
40.6207,0.6161,False,False,True,0
35.7294,0.5379,True,False,False,0
5.5885,0.3851,True,False,False,1
24.0136,0.5775,True,False,False,1
30.3686,0.7871,False,True,False,0
12.6555,0.8504,False,True,False,1
2.6063,0.7078,False,True,False,1
11.5677,0.3047,False,False,True,1
23.0173,0.6055,True,False,False,0
20.9896,0.4642,False,True,False,1
9.245,0.9404,True,False,False,1
41.3086,0.5776,False,True,False,0
46.3215,0.2879,False,True,False,0
10.4667,0.8036,False,False,True,1
46.5139,0.624,False,True,False,1
1.3841,0.0284,True,False,False,1
46.2856,0.6437,False,True,False,0
47.6205,0.6227,True,False,False,0
1.0966,0.8626,False,False,True,1
38.2695,0.2398,False,True,False,0
48.525,0.4996,True,False,False,0
45.3422,0.3574,True,False,False,0
48.5502,0.188,True,False,False,0
27.741,0.3311,False,False,True,0
4.3687,0.7696,False,True,False,1
42.5646,0.5062,False,True,False,0
30.8845,0.8693,False,True,False,1
30.9295,0.1824,False,True,False,0
21.1541,0.6893,True,False,False,1
28.8062,0.8779,False,False,True,0
8.1022,0.3272,False,True,False,1
37.1186,0.8849,False,True,False,1
4.2134,0.4239,False,True,False,1
36.6241,0.7079,False,True,False,1
42.5244,0.7493,False,False,True,1
23.8872,0.6084,True,False,False,1
25.7366,0.1741,False,True,False,0
15.9546,0.4005,False,True,False,0
48.4882,0.4933,False,True,False,0
36.7897,0.7049,True,False,False,1
18.7649,0.2175,True,False,False,0
9.153,0.7433,False,True,False,1
11.3692,0.9118,False,True,False,1
23.4642,0.7114,False,True,False,1
47.1571,0.0506,False,True,False,0
36.8402,0.8719,False,True,False,1
11.1546,0.3609,False,True,False,0
43.0483,0.4432,False,True,False,0
19.2209,0.8315,True,False,False,1
42.6602,0.3043,False,True,False,0
12.4641,0.1223,False,True,False,0
31.1237,0.5542,True,False,False,0
46.3702,0.9335,False,True,False,1
13.2658,0.4633,False,True,False,1
34.7999,0.5925,True,False,False,0
49.372,0.5611,False,True,False,0
7.9546,0.5672,False,True,False,1
4.8759,0.3922,False,True,False,1
33.8727,0.482,False,True,False,1
17.3169,0.5807,False,True,False,0
4.0266,0.2272,False,True,False,1
24.0276,0.7573,False,True,False,1
37.8116,0.305,False,True,False,0
14.6136,0.9465,False,True,False,1
17.0848,0.6526,False,True,False,1
42.3621,0.8519,False,True,False,1
26.2436,0.4752,False,True,False,0
42.2152,0.365,False,True,False,1
22.5963,0.4033,False,False,True,0
47.6723,0.5829,False,False,True,0
32.7143,0.513,False,True,False,1
6.237,0.7438,False,True,False,1
44.3121,0.7232,False,True,False,0
24.7186,0.6956,False,True,False,1
7.5111,0.7633,False,False,True,1
8.0582,0.713,False,True,False,1
34.5329,0.5201,True,False,False,0
2.8449,0.3239,True,False,False,1
14.6864,0.4111,False,False,True,0
7.4195,0.6094,True,False,False,1
22.3333,0.4727,False,True,False,0
21.0105,0.7015,False,True,False,1
26.3329,0.2864,True,False,False,1
14.342,0.6771,False,True,False,1
2.0862,0.5956,False,True,False,1
30.9121,0.3419,True,False,False,0
18.999,0.3149,False,False,True,0
32.7411,0.8961,False,False,True,1
5.879,0.6213,False,True,False,1
1.182,0.2791,True,False,False,0
12.7906,0.8687,False,True,False,1
23.0991,0.8993,True,False,False,1
20.0066,0.6788,False,True,False,1
40.61,0.3567,False,False,True,0
19.203,0.4679,False,False,True,0
26.7568,0.0618,False,True,False,0
29.879,0.3153,False,True,False,0
1.5807,0.4124,False,True,False,1
25.9991,0.5953,False,True,False,1
17.5691,0.7694,False,True,False,1
21.3534,0.3801,False,True,False,0
5.4642,0.1638,True,False,False,0
39.2496,0.177,True,False,False,0
47.149,0.6538,False,True,False,0
1.6023,0.8415,True,False,False,1
30.268,0.4179,True,False,False,0
38.3103,0.272,False,False,True,0
14.598,0.1766,False,False,True,0
39.484,0.8544,False,True,False,1
31.8016,0.1978,False,False,True,0
46.4936,0.3772,False,False,True,0
49.0597,0.5197,True,False,False,0
2.5961,0.2719,False,True,False,0
22.5244,0.793,False,True,False,1
27.5759,0.6322,True,False,False,1
7.7638,0.3389,False,True,False,1
17.1461,0.772,False,True,False,1
49.3885,0.6503,False,True,False,0
1.3034,0.7222,True,False,False,1
22.8991,0.6018,True,False,False,1
42.2114,0.0649,False,False,True,0
16.5331,0.2727,True,False,False,0
24.25,0.4163,True,False,False,0
48.9133,0.5361,False,True,False,1
24.0064,0.2655,False,True,False,0
6.9806,0.8222,False,True,False,1
3.0602,0.5696,False,True,False,1
47.2981,0.1716,True,False,False,0
13.6576,0.9675,True,False,False,1
25.4512,0.4035,False,False,True,0
4.9897,0.557,False,True,False,1
21.4709,0.7584,False,True,False,1
46.5402,0.5156,False,True,False,0
25.3694,0.875,False,True,False,1
48.5712,0.593,True,False,False,0
13.3124,0.3163,False,True,False,0
25.475,0.6471,False,True,False,1
43.0468,0.7383,False,True,False,0
22.6885,0.2079,False,False,True,1
14.3346,0.9487,False,True,False,1
42.846,0.5283,False,True,False,0
19.7995,0.5438,False,False,True,1
26.7708,0.0577,False,True,False,0
48.8381,0.4187,False,False,True,0
9.7309,0.6505,False,True,False,1
15.4193,0.6437,False,False,True,1
2.0379,0.4223,False,True,False,0
19.896,0.2488,False,True,False,1
10.4091,0.5755,False,True,False,0
34.1617,0.1506,True,False,False,0
9.4754,0.8082,False,True,False,1
33.9032,0.1293,False,False,True,0
13.542,0.7855,False,True,False,0
18.0833,0.3696,True,False,False,1
17.7686,0.8022,False,True,False,1
35.9792,0.269,True,False,False,0
23.5922,0.1989,True,False,False,0
18.3843,0.5526,False,False,True,0
42.7048,0.7088,False,True,False,1
28.8116,0.7831,False,True,False,1
11.0846,0.4417,False,True,False,1
45.0545,0.3278,True,False,False,0
17.4612,0.244,False,True,False,0
2.4295,0.3865,False,True,False,1
24.9827,0.0781,False,True,False,0
6.6349,0.3904,False,False,True,0
12.3041,0.7276,False,True,False,1
37.482,0.5432,False,True,False,0
6.9722,0.5708,False,True,False,1
40.4437,0.5526,False,False,True,0
46.8769,0.5714,False,True,False,0
30.5233,0.2043,False,False,True,0
35.6628,0.4562,False,True,False,0
35.8225,0.6862,False,False,True,0
49.644,0.4777,True,False,False,1
17.4061,0.1904,False,True,False,0
8.5614,0.5208,False,True,False,1
26.1988,0.7155,False,True,False,1
26.8959,0.7362,False,True,False,1
9.3067,0.8055,False,False,True,0
30.8489,0.3979,False,False,True,1
1.1992,0.5363,False,True,False,1
46.4196,0.3396,False,True,False,1
13.5964,0.5004,False,True,False,1
2.4582,0.927,False,True,False,1
5.8583,0.7746,True,False,False,1
12.3923,0.8834,True,False,False,1
14.0584,0.1915,False,True,False,0
2.1241,0.2188,False,True,False,1
14.3281,0.6878,False,False,True,1
10.0506,0.7176,False,True,False,1
19.2417,0.7795,False,False,True,1
19.5658,0.919,False,True,False,1
17.2809,0.5091,False,True,False,1
16.7322,0.3491,True,False,False,0
4.9417,0.3955,False,True,False,1
1.7476,0.9346,False,False,True,1
10.5047,0.7619,False,False,True,0
37.9541,0.872,False,False,True,0
49.5451,0.0907,True,False,False,0
46.462,0.8278,False,True,False,0
25.4589,0.2068,True,False,False,0
26.8253,0.659,True,False,False,1
16.0718,0.5645,False,True,False,1
38.81,0.2138,False,True,False,0
38.3555,0.6441,False,True,False,1
42.2915,0.3611,False,False,True,0
44.8275,0.3692,False,True,False,0
22.0003,0.349,False,False,True,1
38.4603,0.2845,True,False,False,0
40.4167,0.6879,True,False,False,1
15.7688,0.6552,False,True,False,1
46.4975,0.4856,False,False,True,0
5.1699,0.2616,True,False,False,0
49.7163,0.3966,False,True,False,0
38.6195,0.7965,False,True,False,1
5.1169,0.4126,True,False,False,0
32.9834,0.6474,False,True,False,1
2.1919,0.4533,False,False,True,0
38.6243,0.251,False,True,False,0
40.0615,0.4424,True,False,False,1
30.3193,0.253,False,False,True,0
42.9146,0.4594,False,True,False,0
5.3452,0.6637,False,False,True,1
14.1582,0.6971,False,True,False,0
21.0018,0.6964,False,True,False,1
2.6017,0.185,False,True,False,1
22.6867,0.352,False,True,False,1
13.6281,0.0969,False,False,True,0
19.9404,0.7723,True,False,False,1
21.5426,0.3488,True,False,False,0
44.0309,0.5431,False,True,False,0
13.8819,0.4813,False,True,False,1
44.7403,0.603,False,False,True,0
21.5856,0.4375,False,False,True,0
16.7265,0.6753,False,True,False,1
25.3743,0.5604,False,True,False,1
21.1783,0.4067,True,False,False,0
13.2399,0.2628,False,True,False,1
25.3826,0.5044,False,False,True,0
8.0142,0.7569,False,True,False,1
17.9205,0.357,False,True,False,0
28.5066,0.5722,False,True,False,1
20.9637,0.1153,False,False,True,0
41.2837,0.542,False,True,False,0
13.2077,0.3247,True,False,False,1
48.5037,0.9251,False,True,False,1
39.3437,0.1455,True,False,False,0
48.3959,0.7626,True,False,False,1
41.9878,0.1215,True,False,False,0
7.5341,0.6535,False,True,False,0
26.5598,0.638,False,True,False,0
8.9139,0.5193,False,True,False,1
41.0023,0.6067,False,True,False,1
29.416,0.1522,False,False,True,0
13.5407,0.5041,False,True,False,1
46.5151,0.1397,False,True,False,0
6.2017,0.3423,False,True,False,0
28.4112,0.3571,False,False,True,0
36.1915,0.7043,True,False,False,1
3.413,0.365,False,True,False,1
30.0939,0.1823,False,False,True,0
40.8871,0.4042,False,True,False,0
3.8426,0.8829,False,True,False,1
25.856,0.3472,False,True,False,0
13.2986,0.5572,False,True,False,0
33.3148,0.8959,False,True,False,1
6.3745,0.9736,True,False,False,1
46.884,0.7905,False,True,False,1
44.7891,0.9228,True,False,False,0
9.7057,0.5553,False,False,True,1
16.5017,0.9302,False,True,False,1
29.5879,0.3081,False,True,False,0
36.0441,0.8471,False,True,False,1
22.4115,0.2957,False,True,False,0
8.2364,0.8926,False,True,False,1
5.6555,0.569,False,True,False,1
49.9884,0.3072,False,False,True,0
23.0399,0.1818,False,True,False,0
43.6903,0.3303,False,False,True,0
24.3776,0.7478,False,False,True,1
46.1567,0.4186,False,True,False,0
4.8441,0.213,True,False,False,1
6.1439,0.673,False,True,False,1
46.5168,0.9032,True,False,False,0
47.4009,0.3123,False,True,False,0
16.0785,0.6898,False,False,True,1
18.0807,0.1679,False,True,False,0
22.8963,0.491,False,True,False,1
21.1,0.4975,True,False,False,0
9.9072,0.4249,False,False,True,1
44.9696,0.0699,True,False,False,0
13.0387,0.7113,True,False,False,1
35.411,0.6055,True,False,False,0
3.8242,0.69,True,False,False,1
2.4182,0.413,False,True,False,1
32.8597,0.5917,False,True,False,1
17.2813,0.4512,False,True,False,0
32.9452,0.7994,True,False,False,1
5.154,0.4654,True,False,False,1
47.5176,0.8749,False,True,False,1
37.5515,0.5722,True,False,False,1
43.8752,0.3866,False,True,False,1
7.2553,0.5297,True,False,False,1
16.348,0.3478,False,True,False,1
18.733,0.5428,False,True,False,0
27.09,0.3782,False,True,False,0
15.195,0.4349,True,False,False,1
3.5012,0.6656,True,False,False,1
18.7595,0.5512,False,False,True,1
13.1002,0.5755,True,False,False,1
19.6031,0.7661,False,True,False,1
10.2495,0.3842,False,True,False,1
13.4639,0.5338,False,True,False,1
31.5341,0.4553,False,True,False,0
19.7136,0.1495,False,True,False,1
17.5965,0.2758,False,False,True,0
26.9283,0.5365,False,True,False,1
38.7071,0.839,False,True,False,1
19.254,0.2509,True,False,False,1
29.5822,0.0904,False,True,False,0
48.327,0.5808,False,True,False,0
26.338,0.9485,True,False,False,1
45.535,0.6964,False,True,False,0
39.7868,0.2852,False,False,True,0
3.4066,0.4741,True,False,False,1
21.7404,0.3401,False,True,False,0
35.0668,0.6499,False,True,False,1
49.3422,0.7932,True,False,False,0
23.1896,0.5888,True,False,False,0
5.0929,0.9678,True,False,False,1
28.3195,0.4637,False,False,True,0
6.7649,0.7752,True,False,False,1
37.7002,0.5332,True,False,False,0
25.63,0.4151,True,False,False,1
36.3099,0.3516,True,False,False,0
43.5334,0.1094,False,True,False,0
31.6329,0.2011,True,False,False,1
30.8157,0.7184,False,True,False,0
37.8512,0.8002,False,True,False,1
42.2015,0.3923,False,False,True,0
43.5182,0.3506,True,False,False,0
2.3033,0.5364,False,False,True,1
28.0314,0.1236,False,True,False,0
11.2053,0.1503,True,False,False,0
43.0871,0.5306,False,True,False,0
32.5957,0.3964,False,False,True,0
21.301,0.7415,False,True,False,1
9.8112,0.5999,False,False,True,0
17.2817,0.543,False,True,False,1
35.337,0.668,False,True,False,1
10.6158,0.5326,False,False,True,1
5.1324,0.651,False,True,False,1
44.4574,0.5155,False,False,True,0
38.3284,0.2966,False,True,False,0
10.3898,0.1936,False,True,False,1
14.9694,0.751,False,True,False,1
48.6175,0.3765,True,False,False,0
35.5551,0.5207,False,True,False,0
30.7208,0.5908,False,True,False,0
15.7276,0.6415,True,False,False,1
15.3067,0.7745,True,False,False,1
2.4564,0.4742,False,True,False,0
36.5599,0.3347,True,False,False,0
2.6372,0.6644,True,False,False,1
0.7404,0.3347,False,True,False,1
36.61,0.7516,False,True,False,1
47.4693,0.5489,False,True,False,1
37.9469,0.3285,False,True,False,0
23.8462,0.4776,False,False,True,0
24.5592,0.7766,False,True,False,1
22.0888,0.1726,True,False,False,0
16.5699,0.1044,True,False,False,0
26.3249,0.3665,False,True,False,1
21.842,0.5702,True,False,False,1
30.1093,0.6605,False,True,False,0
44.9569,0.2978,False,False,True,0
49.753,0.217,True,False,False,0
4.3978,0.3624,True,False,False,0
19.5418,0.0633,False,False,True,0
9.445,0.2975,False,True,False,0
17.93,0.7949,True,False,False,1
14.7299,0.7143,False,False,True,1
9.1396,0.8044,False,False,True,1
38.3218,0.7285,False,True,False,0
25.0663,0.2879,False,True,False,0
46.0027,0.8021,False,True,False,1
2.1133,0.5603,True,False,False,1
3.8154,0.367,False,True,False,1
20.462,0.7474,False,True,False,1
4.4737,0.5427,False,True,False,1
13.5051,0.3908,False,False,True,1
49.3085,0.5453,True,False,False,0
10.8435,0.7311,False,True,False,1
10.3068,0.7907,True,False,False,1
28.8952,0.8745,False,False,True,1
25.1509,0.819,False,True,False,1
29.2317,0.656,False,True,False,1
19.1484,0.5396,False,True,False,1
41.4247,0.4837,False,True,False,0
7.3597,0.4583,False,True,False,1
21.7054,0.4433,False,True,False,1
34.6432,0.6503,False,True,False,0
43.4777,0.4854,False,True,False,0
18.7938,0.5152,False,False,True,0
28.6034,0.3687,False,True,False,1
3.9224,0.6623,False,True,False,1
8.9308,0.793,True,False,False,1
3.9223,0.1469,False,True,False,1
36.5301,0.7945,False,True,False,0
14.759,0.9428,False,True,False,1
36.3254,0.6162,True,False,False,1
3.7867,0.7865,False,False,True,1
43.1961,0.6763,False,True,False,0
41.8587,0.4959,False,True,False,0
4.902,0.3302,True,False,False,1
1.6759,0.7839,False,False,True,1
3.2863,0.1425,True,False,False,0
42.7547,0.7648,True,False,False,0
12.1178,0.8211,False,False,True,1
27.6395,0.4757,False,False,True,0
21.5991,0.2805,True,False,False,1
39.8785,0.6316,False,True,False,1
24.7005,0.6529,False,True,False,1
25.2827,0.6119,False,False,True,1
49.4601,0.1331,False,True,False,0
7.9314,0.7917,False,True,False,1
41.6198,0.4301,False,True,False,0
3.0616,0.7173,False,True,False,1
24.1436,0.0905,False,True,False,0
44.3736,0.1574,False,True,False,0
33.4281,0.2299,True,False,False,0
34.4181,0.7706,False,False,True,1
13.5342,0.8261,False,False,True,1
21.2195,0.1397,False,True,False,0
18.6458,0.6267,True,False,False,0
26.3114,0.8487,True,False,False,0
23.3803,0.0815,False,True,False,0
16.6815,0.7942,True,False,False,1
15.6213,0.3505,False,False,True,0
12.9172,0.8607,False,True,False,1
18.5698,0.425,False,True,False,1
7.9221,0.5422,False,False,True,1
43.6692,0.422,False,True,False,1
30.3049,0.2781,False,True,False,0
7.1224,0.3009,False,True,False,1
34.846,0.4714,False,True,False,0
42.4595,0.6349,False,True,False,0
12.258,0.7733,False,True,False,1
7.9547,0.4202,False,False,True,1
0.9266,0.7557,False,True,False,1
2.8389,0.9008,True,False,False,1
38.2314,0.6405,False,True,False,1
49.3657,0.5627,False,True,False,0
2.7216,0.6589,True,False,False,0
37.5295,0.219,True,False,False,0
4.0572,0.276,False,True,False,1
29.8106,0.4366,False,True,False,1
37.9257,0.3216,False,False,True,0
18.2806,0.6798,True,False,False,1
1.0413,0.5429,True,False,False,1
29.9619,0.9371,False,True,False,1
49.5666,0.2227,False,False,True,0
13.2521,0.5203,False,True,False,1
9.8798,0.4035,True,False,False,0
6.6343,0.7737,True,False,False,1
27.9852,0.9197,False,True,False,1
30.024,0.3202,False,True,False,0
39.7174,0.1267,False,True,False,0
37.7771,0.4494,True,False,False,0
44.6808,0.5874,False,True,False,0
40.3857,0.2872,False,False,True,0
12.7397,0.4404,False,True,False,1
28.0159,0.3945,False,True,False,0
15.2219,0.7761,True,False,False,1
16.8244,0.1817,False,True,False,1
46.6312,0.3322,False,True,False,0
34.2538,0.6967,False,True,False,1
48.7422,0.5915,False,False,True,1
21.1372,0.7872,False,False,True,1
27.1032,0.4559,False,False,True,0
24.6122,0.4536,False,False,True,0
5.8107,0.1932,False,False,True,0
12.2167,0.5114,True,False,False,1
26.618,0.3864,True,False,False,0
3.835,0.2569,False,True,False,1
46.6074,0.353,False,True,False,0
6.6303,0.2745,True,False,False,0
10.3,0.295,False,False,True,0
38.3834,0.3577,False,True,False,1
5.2983,0.4233,False,True,False,0
45.0638,0.3332,True,False,False,0
36.4222,0.7383,False,True,False,1
3.8967,0.5892,True,False,False,1
34.7464,0.2071,False,False,True,0
31.7656,0.2823,False,True,False,0
37.9888,0.2734,False,True,False,0
41.4958,0.9958,False,True,False,1
36.0584,0.4697,False,True,False,0
29.5157,0.5461,False,True,False,0
16.4619,0.0929,False,True,False,1
35.015,0.4008,False,True,False,0
47.8701,0.8792,True,False,False,1
29.5823,0.3324,False,False,True,0
33.3851,0.7889,True,False,False,1
22.1378,0.3593,False,False,True,0
37.928,0.5439,True,False,False,1
49.8845,0.6919,False,True,False,0
8.4393,0.4132,False,False,True,0
10.5191,0.4605,True,False,False,1
27.2022,0.7727,False,True,False,0
24.3281,0.8818,False,True,False,1
28.7927,0.8383,True,False,False,1
2.9292,0.4169,False,True,False,1
20.5117,0.6487,False,False,True,0
29.3574,0.3553,False,False,True,0
29.467,0.8582,False,True,False,1
33.038,0.3877,False,True,False,0
36.1507,0.6844,True,False,False,0
32.2566,0.3989,True,False,False,0
39.617,0.3749,True,False,False,0
31.4257,0.1951,False,False,True,0
27.1066,0.7317,False,False,True,1
30.5067,0.1968,False,True,False,0
5.5091,0.7019,False,True,False,1
14.0212,0.7882,False,True,False,1
26.6063,0.67,False,True,False,1
43.7129,0.8867,False,True,False,1
34.1131,0.7965,False,True,False,0
4.9752,0.5927,True,False,False,1
29.8176,0.6178,True,False,False,1
11.476,0.2683,False,False,True,0
36.8338,0.3828,False,True,False,0
41.4583,0.5722,False,False,True,0
29.8761,0.5857,True,False,False,0
29.7724,0.6892,False,True,False,0
17.2603,0.5837,True,False,False,0
22.5894,0.791,False,True,False,1
43.2734,0.1585,True,False,False,0
36.3044,0.3233,True,False,False,0
26.2278,0.537,False,False,True,0
18.7275,0.4628,False,True,False,1
2.9938,0.7187,False,True,False,1
7.5789,0.2713,False,True,False,1
10.0547,0.4747,False,True,False,1
18.9825,0.6808,False,True,False,1
47.2351,0.8184,True,False,False,0
25.5051,0.7997,False,False,True,0
12.1246,0.2976,False,False,True,0
5.7346,0.5099,False,True,False,1
17.2461,0.366,False,True,False,0
40.8787,0.4078,True,False,False,0
19.4755,0.5679,False,False,True,1
38.739,0.7776,False,True,False,1
40.2339,0.7576,True,False,False,1
5.9856,0.8293,False,True,False,1
30.6287,0.6951,False,True,False,1
47.9753,0.4594,False,True,False,0
20.4058,0.5972,False,True,False,1
3.0217,0.4227,False,True,False,1
46.2035,0.917,True,False,False,1
44.2415,0.5564,False,False,True,0
26.346,0.7731,False,True,False,1
27.8365,0.817,False,True,False,1
10.9812,0.7186,True,False,False,1
41.0628,0.313,False,False,True,0
25.1807,0.4179,False,True,False,1
2.177,0.4767,True,False,False,1
34.3092,0.2572,False,True,False,0
47.5496,0.4717,True,False,False,0
41.5429,0.7233,True,False,False,0
14.2213,0.6264,False,True,False,1
3.1396,0.2573,False,True,False,1
47.0474,0.3914,False,False,True,0
46.8846,0.81,False,True,False,1
26.8546,0.3173,False,True,False,0
32.2947,0.827,False,True,False,1
23.3987,0.5585,False,True,False,1
21.2784,0.5089,False,True,False,0
6.4127,0.3495,False,True,False,0
5.2893,0.454,False,False,True,0
12.0202,0.3473,False,True,False,0
41.9137,0.7722,True,False,False,1
7.7187,0.8009,False,True,False,0
11.7216,0.42,False,False,True,0
27.6564,0.8643,True,False,False,1
11.149,0.6823,False,True,False,0
8.5787,0.0851,False,False,True,0
28.3842,0.4713,False,True,False,0
18.7206,0.8269,False,False,True,1
31.4949,0.4423,False,True,False,1
45.6542,0.1283,False,True,False,0
7.9742,0.7811,False,True,False,1
45.715,0.4789,False,False,True,1
45.1733,0.4888,False,True,False,0
41.5398,0.2245,False,True,False,0
31.7487,0.6854,False,True,False,0
31.1973,0.3972,False,True,False,0
32.141,0.4319,False,True,False,0
34.6795,0.9579,False,True,False,1
1.3159,0.3993,False,False,True,1
47.9256,0.5481,False,True,False,1
29.4874,0.6538,False,True,False,1
39.1826,0.877,False,True,False,1
19.1755,0.2298,False,True,False,0
1.1137,0.4488,False,True,False,1
25.7319,0.132,True,False,False,0
25.6059,0.4372,True,False,False,1
22.131,0.4528,False,True,False,1
17.316,0.5902,False,True,False,1
12.8664,0.634,False,True,False,1
26.6135,0.4942,True,False,False,1
19.0763,0.7775,False,True,False,1
48.5116,0.3916,True,False,False,0
9.0599,0.1426,False,True,False,0
16.3234,0.339,False,False,True,1
15.051,0.5121,True,False,False,1
27.3938,0.3389,False,True,False,0
25.2144,0.4951,True,False,False,0
32.3652,0.4012,False,True,False,0
47.5251,0.8296,True,False,False,1
14.6184,0.507,False,True,False,1
34.7922,0.6316,False,True,False,1
1.7395,0.7918,False,False,True,1
13.4882,0.2234,True,False,False,1
23.4541,0.4958,False,True,False,1
2.0342,0.5443,False,True,False,1
31.0746,0.5066,False,False,True,0
34.0764,0.6675,False,True,False,1
37.4632,0.1643,False,True,False,0
26.0704,0.3451,False,True,False,1
30.3953,0.6437,False,True,False,1
20.1052,0.2397,False,False,True,0
2.542,0.7814,False,True,False,1
5.4476,0.7951,False,True,False,1
32.9223,0.4315,True,False,False,0
49.78,0.5576,False,True,False,0
1.2823,0.4501,False,False,True,1
28.1004,0.4991,False,True,False,1
37.6749,0.2163,False,True,False,0
41.4254,0.6008,False,False,True,0
27.4876,0.2552,False,False,True,0
31.1858,0.7083,False,True,False,1
34.9879,0.4553,False,True,False,0
43.0188,0.6325,False,True,False,0
6.5533,0.1601,False,True,False,0
46.346,0.3668,False,True,False,0
1.7879,0.5509,True,False,False,1
41.8919,0.5622,False,False,True,0
4.2987,0.4623,False,False,True,0
10.1341,0.7864,False,False,True,1
0.6928,0.4359,False,False,True,1
22.5402,0.5914,False,True,False,1
17.0508,0.2847,False,True,False,1
8.7166,0.6317,False,True,False,1
22.829,0.6732,False,True,False,1
20.4174,0.6037,False,True,False,1
38.4992,0.6173,True,False,False,1
44.71,0.7386,False,True,False,1
32.8021,0.5644,False,True,False,1
6.6583,0.735,False,True,False,1
15.1218,0.4354,False,True,False,0
45.7093,0.2558,False,True,False,0
4.8924,0.5788,True,False,False,0
20.6394,0.8817,False,False,True,0
47.154,0.2127,False,False,True,0
47.5579,0.9102,True,False,False,0
20.8546,0.3478,True,False,False,1
33.5361,0.4997,False,True,False,1
23.1089,0.3798,False,True,False,0
37.7963,0.7238,False,False,True,0
2.0633,0.7097,True,False,False,1
7.6358,0.4936,False,True,False,1
30.9028,0.8009,True,False,False,0
12.0113,0.8426,False,True,False,1
33.4696,0.6595,False,False,True,0
17.8855,0.477,True,False,False,1
44.389,0.5883,True,False,False,0
41.0533,0.4361,False,True,False,0
24.8955,0.3706,False,True,False,0
38.7583,0.2844,False,False,True,0
13.9213,0.3912,False,False,True,0
24.9659,0.365,True,False,False,0
10.2754,0.6636,True,False,False,1
43.1139,0.6818,False,True,False,0
41.2418,0.4623,False,True,False,0
45.1564,0.2713,False,False,True,0
43.9351,0.4745,False,True,False,0
48.0,0.9684,True,False,False,0
11.8026,0.3482,False,False,True,0
46.6253,0.7064,True,False,False,0
28.7751,0.4964,False,True,False,0
21.4135,0.7725,False,True,False,0
28.2385,0.158,False,True,False,0
17.4588,0.4229,False,True,False,1
14.7834,0.6794,False,True,False,1
12.4451,0.2474,False,False,True,0
4.5802,0.5212,False,False,True,0
25.08,0.2178,False,True,False,0
44.4442,0.183,True,False,False,0
31.6925,0.6366,False,True,False,1
26.2883,0.6563,False,False,True,0
21.7153,0.4819,False,True,False,1
23.4879,0.5909,False,True,False,1
10.8592,0.7815,False,True,False,1
41.2353,0.5703,True,False,False,0
10.32,0.5375,False,True,False,1
35.9728,0.2445,False,True,False,0
38.1193,0.542,False,True,False,0
28.956,0.1622,False,False,True,0
43.2149,0.3646,False,False,True,0
14.907,0.3264,False,True,False,0
44.1401,0.1834,False,True,False,1
36.6058,0.5505,False,True,False,1
40.0381,0.5789,False,False,True,0
33.3967,0.1891,False,True,False,0
42.394,0.397,False,False,True,0
49.6584,0.5271,True,False,False,0
21.2981,0.3093,False,False,True,0
40.7888,0.7246,True,False,False,0
37.3567,0.7989,True,False,False,1
22.9171,0.4753,False,True,False,1
46.384,0.5585,True,False,False,0
20.0241,0.4983,True,False,False,0
28.4906,0.3595,True,False,False,0
5.7441,0.2102,False,True,False,1
11.6759,0.1148,False,True,False,0
42.1145,0.7815,True,False,False,0
20.1294,0.4903,False,True,False,1
20.0072,0.9124,False,False,True,1
12.6761,0.3921,True,False,False,0
24.8347,0.2825,True,False,False,0
40.3879,0.5657,False,False,True,0
44.8106,0.2556,False,False,True,0
3.9707,0.7802,False,True,False,1
28.9536,0.5912,False,False,True,0
23.63,0.2097,True,False,False,0
30.907,0.2001,False,True,False,1
22.6401,0.3993,False,True,False,0
20.2329,0.4185,False,True,False,0
23.8581,0.1882,False,True,False,0
29.309,0.962,False,True,False,1
25.2987,0.2101,False,True,False,0
23.8712,0.5077,False,True,False,0
40.9828,0.4101,False,True,False,0
37.4096,0.1958,True,False,False,0
17.3982,0.1352,True,False,False,0
40.1286,0.8183,False,True,False,1
42.7557,0.3749,True,False,False,0
8.0979,0.2834,True,False,False,1
29.3428,0.446,True,False,False,1
14.6229,0.7733,True,False,False,1
37.089,0.3062,False,False,True,0
12.3199,0.4855,False,True,False,1
33.7345,0.6871,False,False,True,0
13.1287,0.5606,True,False,False,1
25.8016,0.4791,False,True,False,0
47.458,0.8144,False,True,False,0
19.3747,0.1488,False,True,False,1
43.8491,0.2998,False,False,True,0
49.3538,0.8973,False,False,True,0
43.8051,0.7227,False,False,True,1
8.7104,0.4108,True,False,False,0
41.0731,0.5246,True,False,False,1
2.0914,0.6556,False,True,False,1
19.9684,0.8507,False,True,False,0
43.6013,0.5695,False,True,False,1
34.5932,0.4307,False,True,False,1
26.8707,0.2514,False,True,False,0
19.6993,0.8346,False,False,True,0
40.7087,0.6374,False,True,False,0
35.6231,0.8749,True,False,False,1
23.6861,0.2451,True,False,False,0
44.678,0.5443,False,True,False,1
11.8824,0.7303,False,True,False,1
8.9344,0.8188,False,True,False,1
32.3188,0.7298,False,True,False,1
48.6137,0.5391,False,True,False,0
12.7392,0.9027,False,False,True,1
12.8587,0.6039,False,True,False,1
7.4052,0.7854,False,True,False,1
43.0979,0.838,False,True,False,0
11.7067,0.58,False,True,False,1
25.4073,0.7623,False,True,False,1
49.5482,0.5882,False,True,False,0
1.101,0.7338,False,True,False,1
28.0461,0.1345,True,False,False,0
25.8583,0.9591,True,False,False,1
40.4686,0.2232,True,False,False,1
18.0864,0.4919,False,False,True,0
20.8119,0.9451,False,True,False,1
8.8129,0.3725,True,False,False,1
37.1704,0.8637,False,False,True,0
39.3431,0.4689,False,True,False,0
7.2648,0.3767,False,True,False,1
19.9761,0.6172,False,False,True,0
44.6988,0.5583,True,False,False,0
0.634,0.5082,True,False,False,1
15.2886,0.5319,False,True,False,1
27.9746,0.7309,True,False,False,1
17.0376,0.5754,False,True,False,1
13.9662,0.3435,True,False,False,0
23.2719,0.7659,True,False,False,1
9.4854,0.8936,True,False,False,1
26.7164,0.8578,False,True,False,0
35.4814,0.4102,True,False,False,1
28.9771,0.67,True,False,False,1
5.1089,0.5416,False,False,True,0
42.2982,0.152,False,True,False,0
9.1614,0.2995,False,True,False,0
38.3582,0.3156,True,False,False,0
18.348,0.5655,False,True,False,1
39.2467,0.8582,False,True,False,1
10.7105,0.3222,False,True,False,0
9.7398,0.7187,True,False,False,1
25.1028,0.1388,False,False,True,0
2.1303,0.8358,False,False,True,1
11.6522,0.5063,True,False,False,1
36.3386,0.3744,True,False,False,0
41.9505,0.4913,True,False,False,0
4.4989,0.6405,False,True,False,1
44.1628,0.5776,True,False,False,1
39.9771,0.3236,False,False,True,0
43.5494,0.5973,False,True,False,1
35.0722,0.3389,False,False,True,0
33.8706,0.1544,False,True,False,0
26.4921,0.5442,False,False,True,0
32.813,0.5834,True,False,False,0
45.9959,0.2494,False,True,False,0
5.4758,0.5749,False,True,False,1
16.1303,0.1368,False,False,True,0
4.0865,0.8355,False,True,False,1
47.2679,0.2972,False,False,True,0
22.5406,0.4739,True,False,False,1
33.9296,0.4969,False,False,True,0
42.1354,0.8873,False,True,False,1
49.5545,0.0897,False,True,False,0
8.5082,0.9399,False,False,True,1
40.0759,0.792,False,True,False,1
44.4274,0.5415,False,True,False,1
2.9193,0.6072,False,True,False,1
37.8275,0.5023,True,False,False,1
18.0589,0.2425,False,True,False,0
32.6055,0.6584,True,False,False,0
25.9454,0.6241,True,False,False,1
13.3572,0.7496,False,False,True,1
7.1935,0.8824,False,True,False,1
6.2889,0.2839,False,True,False,1
5.6145,0.7154,False,True,False,1
32.0706,0.6863,False,True,False,0
17.8948,0.1805,False,True,False,0
11.2234,0.2813,False,False,True,0
34.7483,0.084,False,False,True,0
34.4991,0.2418,False,True,False,0
27.1888,0.4542,False,True,False,1
46.7804,0.1895,False,True,False,0
19.578,0.819,False,True,False,1
41.8752,0.091,False,True,False,0
4.2194,0.4304,False,True,False,0
37.1216,0.2276,False,True,False,0
49.4281,0.3936,False,True,False,0
42.4066,0.534,False,True,False,1
29.1934,0.5598,False,True,False,1
31.5249,0.6754,True,False,False,0
17.9878,0.8657,True,False,False,1
34.1345,0.1132,False,True,False,0
38.6346,0.689,False,True,False,1
49.9123,0.8171,True,False,False,1
24.8769,0.3674,False,True,False,1
3.5346,0.3747,False,True,False,1
29.995,0.4286,False,True,False,0
6.3917,0.4939,False,False,True,0
12.6159,0.2396,False,False,True,0
16.7746,0.5353,False,True,False,1
36.686,0.4346,False,True,False,0
9.5985,0.7783,True,False,False,1
8.7048,0.5038,False,False,True,1
2.7257,0.8903,False,True,False,1
43.7254,0.3357,False,False,True,0
34.8285,0.8664,False,True,False,1
2.4774,0.183,True,False,False,0
1.9005,0.4532,True,False,False,1
28.1544,0.5786,False,True,False,0
14.4855,0.3108,False,True,False,0
30.038,0.6112,True,False,False,1
22.0129,0.3674,False,True,False,1
46.204,0.2187,False,False,True,0
14.7465,0.516,False,True,False,1
34.1177,0.1635,False,True,False,0
3.1757,0.5072,True,False,False,1
47.8151,0.3839,False,True,False,0
49.0475,0.8753,False,True,False,1
37.0842,0.5157,False,False,True,0
23.528,0.7883,False,True,False,0
11.3897,0.2291,False,True,False,0
40.7196,0.8646,False,True,False,1
36.9495,0.5789,True,False,False,1
11.4867,0.3269,False,True,False,0
22.8352,0.4545,False,True,False,1
23.4085,0.5847,False,True,False,1
41.4073,0.6514,False,False,True,0
34.3503,0.2497,False,False,True,0
32.3368,0.8801,False,False,True,0
32.6665,0.3136,True,False,False,0
13.8883,0.145,False,True,False,0
18.8997,0.3196,False,False,True,1
2.7603,0.9409,False,True,False,1
39.4536,0.4641,True,False,False,0
21.9334,0.4174,False,False,True,1
22.1928,0.5954,False,True,False,1
12.6451,0.5355,False,True,False,1
10.8667,0.7573,False,False,True,1
29.5972,0.2577,False,True,False,0
12.0114,0.8627,False,True,False,1
3.6783,0.7585,False,True,False,1
38.4916,0.0188,False,True,False,0
19.1352,0.6121,True,False,False,1
19.3217,0.4282,False,True,False,1
21.8503,0.6523,False,False,True,1
40.8447,0.2262,False,True,False,0
16.3814,0.7655,False,True,False,1
38.0228,0.805,False,False,True,1
47.0075,0.3071,True,False,False,0
33.213,0.5528,False,True,False,1
21.8682,0.6556,False,True,False,1
37.5156,0.3606,False,True,False,0
23.1659,0.4604,True,False,False,1
21.0141,0.5237,False,True,False,1
26.5015,0.3721,False,True,False,1
16.2273,0.8026,False,True,False,1
5.6604,0.4772,True,False,False,1
21.0352,0.6462,False,True,False,0
6.6309,0.5861,False,True,False,1
20.8169,0.2687,True,False,False,0
28.0682,0.6969,True,False,False,1
46.5702,0.4492,True,False,False,1
2.293,0.8524,False,True,False,1
31.2622,0.6352,True,False,False,0
23.1579,0.918,False,False,True,1
1.5029,0.8649,False,True,False,1
12.8526,0.342,False,False,True,0
6.365,0.3976,False,False,True,0
11.2313,0.1559,True,False,False,0
14.0912,0.3617,False,True,False,1
20.3647,0.5473,False,False,True,0
26.6874,0.5298,False,True,False,1
0.549,0.2908,False,True,False,1
8.5125,0.5512,False,True,False,1
5.1315,0.6561,True,False,False,1
27.7088,0.4945,False,True,False,1
16.7892,0.2829,False,False,True,0
27.6457,0.7454,False,False,True,0
11.4803,0.644,True,False,False,1
1.6994,0.4809,False,True,False,1
47.0977,0.337,False,True,False,0
5.8613,0.9587,False,False,True,1
6.7795,0.6644,True,False,False,1
7.7541,0.28,False,False,True,0
49.0732,0.5626,False,False,True,0
31.0742,0.5892,True,False,False,0
30.7094,0.4868,True,False,False,0
49.3416,0.5767,False,False,True,0
4.8777,0.2478,True,False,False,1
48.7378,0.4132,False,True,False,0
10.5987,0.6335,False,False,True,1
31.342,0.7918,False,True,False,1
21.2941,0.3296,False,True,False,0
19.5056,0.7253,False,True,False,1
46.5965,0.7596,True,False,False,1
7.8868,0.818,False,False,True,1
49.8549,0.554,False,True,False,0
19.2667,0.9626,True,False,False,1
32.6144,0.3404,False,True,False,0
48.4114,0.5069,False,False,True,0
3.3513,0.3579,True,False,False,0
46.1818,0.4994,False,False,True,1
28.6067,0.4817,False,True,False,1
35.3676,0.4906,False,False,True,0
7.8846,0.8717,False,False,True,1
26.9027,0.5776,False,False,True,0
33.8389,0.3584,False,False,True,0
23.0842,0.7432,True,False,False,1
8.1718,0.4515,False,True,False,1
12.5839,0.7226,False,True,False,1
42.7924,0.3545,False,True,False,0
2.2063,0.4171,False,False,True,1
35.5887,0.3211,False,False,True,0
49.9698,0.6052,False,True,False,0
0.8704,0.5061,False,True,False,1
8.4718,0.5342,False,True,False,1
33.8701,0.7118,False,True,False,0
3.4695,0.4522,False,True,False,1
29.6946,0.4143,False,True,False,0
34.358,0.5224,True,False,False,1
29.6132,0.7431,True,False,False,1
18.5766,0.8797,False,True,False,1
35.0155,0.3248,False,True,False,0
29.9176,0.9458,False,False,True,1
10.778,0.6749,False,True,False,1
28.3752,0.3534,True,False,False,0
44.1544,0.515,True,False,False,0
33.5082,0.2294,True,False,False,0
23.8537,0.4514,False,False,True,1
16.4184,0.7541,True,False,False,1
4.7514,0.833,False,True,False,1
12.609,0.2069,False,False,True,0
1.0537,0.1619,False,False,True,0
49.338,0.4664,True,False,False,1
11.5129,0.465,True,False,False,0
40.8364,0.7136,True,False,False,0
8.8479,0.1592,True,False,False,1
14.5383,0.6276,True,False,False,1
21.2047,0.827,False,True,False,1
16.5581,0.9597,False,False,True,1
40.0184,0.6828,False,True,False,1
47.9058,0.2434,False,True,False,0
43.8271,0.3779,True,False,False,0
8.1021,0.3376,False,False,True,0
38.9461,0.5571,False,True,False,1
7.8234,0.9156,False,False,True,1
45.7124,0.3777,False,False,True,0
26.135,0.4725,False,True,False,0
17.1509,0.0216,True,False,False,1
8.2728,0.2307,True,False,False,0
1.0845,0.3593,False,True,False,1
12.7734,0.7713,False,False,True,0
45.744,0.7323,False,True,False,0
39.9645,0.8063,False,True,False,1
48.5048,0.3165,False,True,False,0
5.4877,0.7129,True,False,False,1
29.8128,0.6311,False,True,False,1
13.2289,0.6273,False,True,False,1
27.3756,0.1913,False,True,False,0
16.3625,0.6715,False,True,False,0
14.5315,0.9472,True,False,False,1
28.9053,0.3506,False,True,False,0
9.5742,0.1971,True,False,False,0
23.7221,0.9851,False,False,True,1
32.7152,0.6756,True,False,False,1
6.845,0.7637,True,False,False,1
46.5644,0.8767,False,True,False,1
25.5334,0.8323,False,True,False,1
41.0666,0.3657,False,True,False,0
32.8683,0.2119,False,True,False,0
35.645,0.822,False,False,True,0
35.9485,0.3982,False,True,False,0
43.8174,0.2675,False,True,False,0
30.8735,0.8534,False,True,False,1
14.2717,0.2891,True,False,False,0
5.4257,0.4341,False,True,False,1
30.5094,0.8593,True,False,False,1
3.7845,0.1407,False,True,False,1
12.444,0.8739,True,False,False,1
3.505,0.6538,False,False,True,1
27.6699,0.8311,False,True,False,0
8.4367,0.5797,False,False,True,1
30.7152,0.7403,False,True,False,1
39.6478,0.7356,True,False,False,1
41.1831,0.2885,False,False,True,0
15.8224,0.8999,False,True,False,1
27.6732,0.2653,False,True,False,0
28.369,0.8275,False,True,False,1
23.9079,0.5522,False,True,False,1
32.9281,0.9295,False,False,True,0
10.8993,0.4428,False,True,False,0
48.9725,0.5078,False,True,False,0
5.355,0.8332,False,True,False,1
